beat_index,measure_number_guess,beat_in_measure,numerator,denominator,score_tick,score_time_sec
1,1,1,12,8,0,0.00000
2,1,2,12,8,240,0.25000
3,1,3,12,8,480,0.50000
4,1,4,12,8,720,0.75000
5,1,5,12,8,960,1.00000
6,1,6,12,8,1200,1.25000
7,1,7,12,8,1440,1.50000
8,1,8,12,8,1680,1.75000
9,1,9,12,8,1920,2.00000
10,1,10,12,8,2160,2.25000
11,1,11,12,8,2400,2.50000
12,1,12,12,8,2640,2.75000
13,2,1,12,8,2880,3.00000
14,2,2,12,8,3120,3.25000
15,2,3,12,8,3360,3.50000
16,2,4,12,8,3600,3.75000
17,2,5,12,8,3840,4.00000
18,2,6,12,8,4080,4.25000
19,2,7,12,8,4320,4.50000
20,2,8,12,8,4560,4.75000
21,2,9,12,8,4800,5.00000
22,2,10,12,8,5040,5.25000
23,2,11,12,8,5280,5.50000
24,2,12,12,8,5520,5.75000
25,3,1,12,8,5760,6.00000
26,3,2,12,8,6000,6.25000
27,3,3,12,8,6240,6.50000
28,3,4,12,8,6480,6.75000
29,3,5,12,8,6720,7.00000
30,3,6,12,8,6960,7.25000
31,3,7,12,8,7200,7.50000
32,3,8,12,8,7440,7.75000
33,3,9,12,8,7680,8.00000
34,3,10,12,8,7920,8.25000
35,3,11,12,8,8160,8.50000
36,3,12,12,8,8400,8.75000
37,4,1,12,8,8640,9.00000
38,4,2,12,8,8880,9.25000
39,4,3,12,8,9120,9.50000
40,4,4,12,8,9360,9.75000
41,4,5,12,8,9600,10.00000
42,4,6,12,8,9840,10.25000
43,4,7,12,8,10080,10.50000
44,4,8,12,8,10320,10.75000
45,4,9,12,8,10560,11.00000
46,4,10,12,8,10800,11.25000
47,4,11,12,8,11040,11.50000
48,4,12,12,8,11280,11.75000
49,5,1,12,8,11520,12.00000
50,5,2,12,8,11760,12.25000
51,5,3,12,8,12000,12.50000
52,5,4,12,8,12240,12.75000
53,5,5,12,8,12480,13.00000
54,5,6,12,8,12720,13.25000
55,5,7,12,8,12960,13.50000
56,5,8,12,8,13200,13.75000
57,5,9,12,8,13440,14.00000
58,5,10,12,8,13680,14.25000
59,5,11,12,8,13920,14.50000
60,5,12,12,8,14160,14.75000
61,6,1,12,8,14400,15.00000
62,6,2,12,8,14640,15.25000
63,6,3,12,8,14880,15.50000
64,6,4,12,8,15120,15.75000
65,6,5,12,8,15360,16.00000
66,6,6,12,8,15600,16.25000
67,6,7,12,8,15840,16.50000
68,6,8,12,8,16080,16.75000
69,6,9,12,8,16320,17.00000
70,6,10,12,8,16560,17.25000
71,6,11,12,8,16800,17.50000
72,6,12,12,8,17040,17.75000
73,7,1,12,8,17280,18.00000
74,7,2,12,8,17520,18.25000
75,7,3,12,8,17760,18.50000
76,7,4,12,8,18000,18.75000
77,7,5,12,8,18240,19.00000
78,7,6,12,8,18480,19.25000
79,7,7,12,8,18720,19.50000
80,7,8,12,8,18960,19.75000
81,7,9,12,8,19200,20.00000
82,7,10,12,8,19440,20.25000
83,7,11,12,8,19680,20.50000
84,7,12,12,8,19920,20.75000
85,8,1,12,8,20160,21.00000
86,8,2,12,8,20400,21.25000
87,8,3,12,8,20640,21.50000
88,8,4,12,8,20880,21.75000
89,8,5,12,8,21120,22.00000
90,8,6,12,8,21360,22.25000
91,8,7,12,8,21600,22.50000
92,8,8,12,8,21840,22.75000
93,8,9,12,8,22080,23.00000
94,8,10,12,8,22320,23.25000
95,8,11,12,8,22560,23.50000
96,8,12,12,8,22800,23.75000
97,9,1,12,8,23040,24.00000
98,9,2,12,8,23280,24.25000
99,9,3,12,8,23520,24.50000
100,9,4,12,8,23760,24.75000
101,9,5,12,8,24000,25.00000
102,9,6,12,8,24240,25.25000
103,9,7,12,8,24480,25.50000
104,9,8,12,8,24720,25.75000
105,9,9,12,8,24960,26.00000
106,9,10,12,8,25200,26.25000
107,9,11,12,8,25440,26.50000
108,9,12,12,8,25680,26.75000
109,10,1,12,8,25920,27.00000
110,10,2,12,8,26160,27.25000
111,10,3,12,8,26400,27.50000
112,10,4,12,8,26640,27.75000
113,10,5,12,8,26880,28.00000
114,10,6,12,8,27120,28.25000
115,10,7,12,8,27360,28.50000
116,10,8,12,8,27600,28.75000
117,10,9,12,8,27840,29.00000
118,10,10,12,8,28080,29.25000
119,10,11,12,8,28320,29.50000
120,10,12,12,8,28560,29.75000
121,11,1,12,8,28800,30.00000
122,11,2,12,8,29040,30.25000
123,11,3,12,8,29280,30.50000
124,11,4,12,8,29520,30.75000
125,11,5,12,8,29760,31.00000
126,11,6,12,8,30000,31.25000
127,11,7,12,8,30240,31.50000
128,11,8,12,8,30480,31.75000
129,11,9,12,8,30720,32.00000
130,11,10,12,8,30960,32.25000
131,11,11,12,8,31200,32.50000
132,11,12,12,8,31440,32.75000
133,12,1,12,8,31680,33.00000
134,12,2,12,8,31920,33.25000
135,12,3,12,8,32160,33.50000
136,12,4,12,8,32400,33.75000
137,12,5,12,8,32640,34.00000
138,12,6,12,8,32880,34.25000
139,12,7,12,8,33120,34.50000
140,12,8,12,8,33360,34.75000
141,12,9,12,8,33600,35.00000
142,12,10,12,8,33840,35.25000
143,12,11,12,8,34080,35.50000
144,12,12,12,8,34320,35.75000
145,13,1,12,8,34560,36.00000
146,13,2,12,8,34800,36.25000
147,13,3,12,8,35040,36.50000
148,13,4,12,8,35280,36.75000
149,13,5,12,8,35520,37.00000
150,13,6,12,8,35760,37.25000
151,13,7,12,8,36000,37.50000
152,13,8,12,8,36240,37.75000
153,13,9,12,8,36480,38.00000
154,13,10,12,8,36720,38.25000
155,13,11,12,8,36960,38.50000
156,13,12,12,8,37200,38.75000
157,14,1,12,8,37440,39.00000
158,14,2,12,8,37680,39.25000
159,14,3,12,8,37920,39.50000
160,14,4,12,8,38160,39.75000
161,14,5,12,8,38400,40.00000
162,14,6,12,8,38640,40.25000
163,14,7,12,8,38880,40.50000
164,14,8,12,8,39120,40.75000
165,14,9,12,8,39360,41.00000
166,14,10,12,8,39600,41.25000
167,14,11,12,8,39840,41.50000
168,14,12,12,8,40080,41.75000
169,15,1,12,8,40320,42.00000
170,15,2,12,8,40560,42.25000
171,15,3,12,8,40800,42.50000
172,15,4,12,8,41040,42.75000
173,15,5,12,8,41280,43.00000
174,15,6,12,8,41520,43.25000
175,15,7,12,8,41760,43.50000
176,15,8,12,8,42000,43.75000
177,15,9,12,8,42240,44.00000
178,15,10,12,8,42480,44.25000
179,15,11,12,8,42720,44.50000
180,15,12,12,8,42960,44.75000
181,16,1,12,8,43200,45.00000
182,16,2,12,8,43440,45.25000
183,16,3,12,8,43680,45.50000
184,16,4,12,8,43920,45.75000
185,16,5,12,8,44160,46.00000
186,16,6,12,8,44400,46.25000
187,16,7,12,8,44640,46.50000
188,16,8,12,8,44880,46.75000
189,16,9,12,8,45120,47.00000
190,16,10,12,8,45360,47.25000
191,16,11,12,8,45600,47.50000
192,16,12,12,8,45840,47.75000
193,17,1,12,8,46080,48.00000
194,17,2,12,8,46320,48.25000
195,17,3,12,8,46560,48.50000
196,17,4,12,8,46800,48.75000
197,17,5,12,8,47040,49.00000
198,17,6,12,8,47280,49.25000
199,17,7,12,8,47520,49.50000
200,17,8,12,8,47760,49.75000
201,17,9,12,8,48000,50.00000
202,17,10,12,8,48240,50.25000
203,17,11,12,8,48480,50.50000
204,17,12,12,8,48720,50.75000
205,18,1,12,8,48960,51.00000
206,18,2,12,8,49200,51.25000
207,18,3,12,8,49440,51.50000
208,18,4,12,8,49680,51.75000
209,18,5,12,8,49920,52.00000
210,18,6,12,8,50160,52.25000
211,18,7,12,8,50400,52.50000
212,18,8,12,8,50640,52.75000
213,18,9,12,8,50880,53.00000
214,18,10,12,8,51120,53.25000
215,18,11,12,8,51360,53.50000
216,18,12,12,8,51600,53.75000
