arm,mode,seed,fold,policy,contract,threshold,strength,seconds,raw_ap,positions_hash,macro_f1_tol1,macro_f1_tol0,macro_precision_tol1,macro_recall_tol1,interval_f1_tol0,interval_precision_tol0,interval_recall_tol0,interval_f1_tol1,interval_precision_tol1,interval_recall_tol1
U,single,42,0,raw,aad198d27ac8aa87e081df1ec23af92710056ad60472dbac1a0d81b4f970b6c8,0.9,0.0,0.6089999999967404,0.6711964256736577,2c880be2fe81ddc4f4a109b8a95d7c2c1b8cd6074661d5357b13e2fe78241e76,0.7355000729969571,0.6091166949201146,0.8084608565112889,0.7233681397967112,0.22623871668800047,0.25748950665477277,0.21631061437784127,0.39086390102747054,0.41560532734202205,0.3919490983428559
U,single,42,0,B10,aad198d27ac8aa87e081df1ec23af92710056ad60472dbac1a0d81b4f970b6c8,0.9,1.0,1.2660000000032596,0.6711964256736577,7f5337276b657358fcca7919fd787946af37ba40aaed9e918afb16b47144b399,0.75439539143231,0.6306360182590175,0.8003418810664739,0.7548540789016978,0.2506036546920771,0.26858547461608684,0.249153461806523,0.4293219703899847,0.44209677510697926,0.4366221020098571
U,single,43,0,raw,aad198d27ac8aa87e081df1ec23af92710056ad60472dbac1a0d81b4f970b6c8,0.85,0.0,0.6720000000059372,0.6588588422927503,6b57632ba4df9bef8b563abe119388dae813ab32275bbd489e3bc76085c39d34,0.7312505476438496,0.56832818356092,0.8317776273075059,0.7119837922218875,0.16894143088454391,0.18036263792526297,0.17299461758285287,0.36188385354125235,0.3800108151448688,0.3643792329674683
U,single,43,0,B10,aad198d27ac8aa87e081df1ec23af92710056ad60472dbac1a0d81b4f970b6c8,0.85,1.0,1.312000000005355,0.6588588422927503,35d760de0a80db13d65452c4f0fa4cf2249caebb4e3b382f2f731715b28add38,0.7721044037464174,0.6092482544276151,0.8135114166163253,0.7748332972142496,0.2586783062457023,0.2739792335326064,0.260061468387999,0.4600029477240053,0.48023771201557464,0.4609948615254737
U,single,44,0,raw,aad198d27ac8aa87e081df1ec23af92710056ad60472dbac1a0d81b4f970b6c8,0.65,0.0,0.6560000000026776,0.6746969825239756,6dac4221488720345c6afa2609851da0d1ec5e6032c90af786c62ea5eef30334,0.751449059227453,0.6396111953557463,0.7599425882602183,0.7793838965267537,0.2736773895598155,0.28110687930865697,0.280651961794819,0.4233902798441343,0.42034532340424396,0.44500839447778223
U,single,44,0,B10,aad198d27ac8aa87e081df1ec23af92710056ad60472dbac1a0d81b4f970b6c8,0.65,1.0,1.25,0.6746969825239756,2db0b7b745f8d51616041c196d990c209b89bb4a88cc72abca6b4285d669d78c,0.790565728825743,0.6771189613985246,0.7784033867367202,0.8289485999009809,0.3542206746273823,0.3565833805978106,0.36319104025226473,0.507937796950982,0.5002037852738739,0.5309307291348108
U,single,45,0,raw,aad198d27ac8aa87e081df1ec23af92710056ad60472dbac1a0d81b4f970b6c8,0.9,0.0,0.625,0.7007501172013726,c3b3fb256d6397d573f1446d57e94db8030ea9617a56399e84af12f292730ad7,0.7670287115316358,0.646215307149885,0.8383458892357906,0.7512108702584893,0.2430910315063733,0.2669330607515881,0.23758653360334034,0.4218700906935959,0.44508660788472715,0.4197170561420261
U,single,45,0,B10,aad198d27ac8aa87e081df1ec23af92710056ad60472dbac1a0d81b4f970b6c8,0.9,1.0,1.2810000000026776,0.7007501172013726,f6473e7e94f8edbed2a0d9a8b099d275c50bad86859fe40b739b6a188791fb28,0.7761363107745308,0.6613550169350761,0.816155135701621,0.7741351065160588,0.290716732001719,0.30787684403825405,0.28944076633872545,0.4708556040696995,0.48960994175434497,0.469071043846554
U,ensemble,-1,0,raw,aad198d27ac8aa87e081df1ec23af92710056ad60472dbac1a0d81b4f970b6c8,0.825,0.0,0.6399999999994179,0.6940676150764992,df440040b57c904aa656abfe7320ab147b176c357db29ca0509404f6715d11b3,0.7579986346107139,0.6226652028523055,0.8396227963688281,0.7479895501324074,0.21975915166516316,0.2384984877808007,0.21891540205825918,0.398080820925608,0.41103875590270145,0.4074667962423065
U,ensemble,-1,0,B10,aad198d27ac8aa87e081df1ec23af92710056ad60472dbac1a0d81b4f970b6c8,0.825,1.0,1.264999999999418,0.6940676150764992,5bc15bc0694cb88528c67d6570041f2b07ccfb21be5d79b32f91b24b6b330c07,0.7852496883726444,0.651629169232755,0.806135837142846,0.7997041670851195,0.30187283411289784,0.3163840563873547,0.30202470092266015,0.4876918737278558,0.4974573787565954,0.4965804309069615
B,single,42,0,raw,aad198d27ac8aa87e081df1ec23af92710056ad60472dbac1a0d81b4f970b6c8,0.7,0.0,0.6720000000059372,0.6689780533060078,13033542aad87cc9e07ca958fbd989aa67230032528985ee1a1f5783d832845b,0.736348966131598,0.6064667491995586,0.7643565457242747,0.7465753910992007,0.23068325661268355,0.24205468713641679,0.23265494107510915,0.39814189019376606,0.40686269092401245,0.4057915187831154
B,single,42,0,B10,aad198d27ac8aa87e081df1ec23af92710056ad60472dbac1a0d81b4f970b6c8,0.7,1.0,1.2660000000032596,0.6689780533060078,d9383bdecf258cd197c7aa71269a2d745dacc097b2918908190db5b746cfbcc1,0.8006626246761492,0.6645918992784156,0.8180779666633099,0.8128249175868224,0.33653690232618017,0.3490586359402067,0.33782077031056623,0.5200006401585721,0.5323676683494246,0.5240025884923843
B,single,43,0,raw,aad198d27ac8aa87e081df1ec23af92710056ad60472dbac1a0d81b4f970b6c8,0.8,0.0,0.7339999999967404,0.6617249633351073,5f009cf56641102d82494ee25f11a535a1a6b1ac733be72143f5ed0b2fc4c773,0.7348411921609918,0.5697088656565408,0.7943269242866354,0.7284940192083048,0.19322917761466316,0.20097422985514582,0.20074346435210777,0.3771879000147779,0.39395649496171525,0.3791373561745711
B,single,43,0,B10,aad198d27ac8aa87e081df1ec23af92710056ad60472dbac1a0d81b4f970b6c8,0.8,1.0,1.1560000000026776,0.6617249633351073,48f28cd2e2fece8f75aa1e1201a0a90aa2b4815fe6e7ed4dd8ccf39b850fc800,0.8015602147561226,0.6295797014993207,0.8283481309646018,0.805801949373378,0.3286591758677491,0.33719996999114704,0.33494018453202123,0.5364744098026762,0.5620107734939729,0.5292082565960117
B,single,44,0,raw,aad198d27ac8aa87e081df1ec23af92710056ad60472dbac1a0d81b4f970b6c8,0.6,0.0,0.6410000000032596,0.6633491870286768,e72c6ce943102664188e3e600d3c9df42a9c77bb96442dea354d7d18993ef4ed,0.7383664442901836,0.6068248205290245,0.7400057808379622,0.7681112273969416,0.26380104593911835,0.26685163903153525,0.27356164017388507,0.40775717887041457,0.4077570303144776,0.4238176562666358
B,single,44,0,B10,aad198d27ac8aa87e081df1ec23af92710056ad60472dbac1a0d81b4f970b6c8,0.6,1.0,1.25,0.6633491870286768,e53d0fb142d9152cb74ddb568a38f6d7c2e0fbd76974eac93b2942caa332bf6d,0.7976249069219462,0.6615121314250073,0.7819865919371177,0.8389179955846623,0.3888335310465946,0.3838435566205098,0.40644387509693625,0.5500267873009352,0.5427036383720573,0.5730709622954521
B,single,45,0,raw,aad198d27ac8aa87e081df1ec23af92710056ad60472dbac1a0d81b4f970b6c8,0.9,0.0,0.6560000000026776,0.7036765216985216,a0df5bb33cf428fe5fb388cec7b579f282ad69768b58a7824e2b348090286fa5,0.7655683479539341,0.640977093878245,0.8601594976738366,0.7333565941269021,0.23638985254465503,0.26787619456953854,0.22583582555011125,0.4140650231790093,0.4520543859926279,0.4006690467506794
B,single,45,0,B10,aad198d27ac8aa87e081df1ec23af92710056ad60472dbac1a0d81b4f970b6c8,0.9,1.0,1.187000000005355,0.7036765216985216,51d1df9d8e6461f5da8c7ae7b3ec2b58a6d4b804df1c10d2cf6cb4ebfa92f75c,0.7845034476488941,0.6508136932905436,0.8238393230070205,0.7791803522755905,0.2895336699899652,0.30533480449477146,0.28839255680072007,0.48865211560554717,0.5128972974886189,0.4812483842687924
B,ensemble,-1,0,raw,aad198d27ac8aa87e081df1ec23af92710056ad60472dbac1a0d81b4f970b6c8,0.75,0.0,0.7029999999940628,0.6977337275958011,2c6748c16aecb2154a4bfab7c1a9982f124ca0f8a79dce245d67c7d0cfb79964,0.7526159266896257,0.6105763580904114,0.8252443387941223,0.7424082355034736,0.22237716592442885,0.24365095100582623,0.22076268251778458,0.4006208557191391,0.42001843499575925,0.4046592213530989
B,ensemble,-1,0,B10,aad198d27ac8aa87e081df1ec23af92710056ad60472dbac1a0d81b4f970b6c8,0.75,1.0,1.139999999999418,0.6977337275958011,97b652d89d4623fe837fc131c0b91f3dccee0664cd1449cbbae69dfbb7fd8d28,0.8197222321997536,0.6736984221417147,0.8411679079793901,0.8275383346811919,0.36782180856663704,0.3834350352534232,0.3672368810327994,0.5612079632485795,0.5806108502650452,0.5588553170185823
U,single,42,1,raw,aad198d27ac8aa87e081df1ec23af92710056ad60472dbac1a0d81b4f970b6c8,0.7,0.0,0.5780000000086147,0.6821535684148691,5d677071def76baf402e125337eab30521e41d4eddde31c420fbb2587ee3975e,0.7455817964396587,0.6303579701502395,0.7576163311282557,0.7698041963833319,0.32400301989673425,0.3307092837463749,0.33761396077254197,0.4868380524731179,0.49457984008061384,0.5025737486975874
U,single,42,1,B10,aad198d27ac8aa87e081df1ec23af92710056ad60472dbac1a0d81b4f970b6c8,0.7,1.0,1.0460000000020955,0.6821535684148691,f364b2fb5f64ab15612c6c4c9e1d3e6890a7ede743f76f96393ef3a1cf988800,0.8023361168996416,0.6751310470311823,0.7677189667431993,0.8591165127767588,0.40934694812768296,0.39575887116508757,0.4367173043599231,0.6074627793258475,0.5894061558799077,0.6414748154780343
U,single,43,1,raw,aad198d27ac8aa87e081df1ec23af92710056ad60472dbac1a0d81b4f970b6c8,0.6,0.0,0.6410000000032596,0.6015903878751617,d97d3078f298d8b3340cabbdeaf16fcf7406d01c68fb302f2aca8ad236cafd4c,0.7412285006939182,0.5738646367037902,0.6924621168836487,0.8252379246806161,0.23835396570208364,0.22302256086930225,0.26637164653471973,0.45844337570734145,0.43606813567015473,0.4987256943736075
U,single,43,1,B10,aad198d27ac8aa87e081df1ec23af92710056ad60472dbac1a0d81b4f970b6c8,0.6,1.0,1.1560000000026776,0.6015903878751617,4d1631299c58a56f2cbe7bd0475fb433aa9bb278fa14bc1896195192319a531f,0.8124234552704027,0.6284088772113299,0.7577495394545545,0.8999524061920489,0.3298132232835455,0.3111055886845645,0.36311775531116225,0.5976957461076164,0.570479701393287,0.6444633629642621
U,single,44,1,raw,aad198d27ac8aa87e081df1ec23af92710056ad60472dbac1a0d81b4f970b6c8,0.75,0.0,0.5780000000086147,0.6260740659701878,68f152fb912f386f2d103b94f2e538f68d64e97bcbc6ee69d580f6d1e044d210,0.7208215175081315,0.5371335646851226,0.7096454657463499,0.75676538343978,0.2187047931397624,0.21295024072035784,0.2325831666857119,0.4370079284550421,0.4319751002766886,0.4602299654833248
U,single,44,1,B10,aad198d27ac8aa87e081df1ec23af92710056ad60472dbac1a0d81b4f970b6c8,0.75,1.0,1.1410000000032596,0.6260740659701878,4a5e9c9a77fcfaebed434e33da9bcf82303203961d439408e96933057840e89d,0.8029789043228389,0.5970769975598985,0.751372890338254,0.8696462428820598,0.3315596234717316,0.3080699716634863,0.3624041047694604,0.6232989119495388,0.5845565031284707,0.6740504629143187
U,single,45,1,raw,aad198d27ac8aa87e081df1ec23af92710056ad60472dbac1a0d81b4f970b6c8,0.75,0.0,0.5160000000032596,0.6614957679907331,445e85ab052aff68981059ca33107061726ccefa71032eeab9c49cabb71bd714,0.755152309318128,0.5916994516189942,0.7766323022205246,0.7583864646632802,0.28015224372060377,0.28807533920535217,0.2851418643201228,0.5075172867699277,0.523356996523024,0.5102519390616502
U,single,45,1,B10,aad198d27ac8aa87e081df1ec23af92710056ad60472dbac1a0d81b4f970b6c8,0.75,1.0,1.1880000000091968,0.6614957679907331,a986f804aa085d2a886a4dc934bf1af2429194db5ee09bd786c659825045953c,0.8401661566799935,0.6296131808118094,0.8018939558403393,0.8906732296791546,0.361718986581612,0.3399006911842927,0.3918499177193119,0.6819269565388891,0.651937801186218,0.7231857838352665
U,ensemble,-1,1,raw,aad198d27ac8aa87e081df1ec23af92710056ad60472dbac1a0d81b4f970b6c8,0.7,0.0,0.5930000000080327,0.6799301192255582,68dc35cf7ba448dabea96c9a970cce4c4c0cb1a3c28241e4140f9d6a9b305cd0,0.7738792882016323,0.6234054763196298,0.7990424183597485,0.7793204634885299,0.3307086694400287,0.34551353996090656,0.33322759179198586,0.5396733141594922,0.5602450973493532,0.5418514895726994
U,ensemble,-1,1,B10,aad198d27ac8aa87e081df1ec23af92710056ad60472dbac1a0d81b4f970b6c8,0.7,1.0,1.1570000000065193,0.6799301192255582,daca4ba07dc7326bbc4024c7bd2d37df9fcdf21cffd40e14597da58f7b0db2b1,0.8444966652086797,0.6659984916008718,0.8052106422604008,0.8993093235573543,0.4149528503368024,0.39270404471245607,0.44674344609861427,0.6950483091258299,0.6672453084477644,0.7352269603745014
B,single,42,1,raw,aad198d27ac8aa87e081df1ec23af92710056ad60472dbac1a0d81b4f970b6c8,0.55,0.0,0.5939999999973224,0.6934665739360024,f0bb4691747b1bca1d670cf690bdd376fb2cf418811c2194385ea0e334a5bb66,0.7614110867276641,0.6302155056379183,0.7366356081106327,0.8198940506657698,0.3186540897521074,0.3112651180638252,0.34398863836105376,0.4702441604953903,0.4608401083211108,0.5001857168539467
B,single,42,1,B10,aad198d27ac8aa87e081df1ec23af92710056ad60472dbac1a0d81b4f970b6c8,0.55,1.0,1.0930000000080327,0.6934665739360024,bdf37d2cc3b61921a104e4a28842063a0062ab4abc55a821f1317ad5782ad60f,0.8183790073679613,0.6772546380739486,0.7657153407586527,0.8998354327790663,0.41025008741540797,0.38646153017786844,0.44972618666785236,0.5890881697225928,0.5592683611657077,0.6369064709718959
B,single,43,1,raw,aad198d27ac8aa87e081df1ec23af92710056ad60472dbac1a0d81b4f970b6c8,0.7,0.0,0.5780000000086147,0.6458718723403682,a245431e582b86d0d4bf395fe98e620a765c7f6f000e080a4d02be3d3cad7a20,0.7661408715253943,0.6137542598016251,0.7294724375056048,0.8347892368709149,0.268229610069777,0.26159392526223224,0.2893805286296943,0.5015233538389863,0.4870836637105758,0.5371196246479275
B,single,43,1,B10,aad198d27ac8aa87e081df1ec23af92710056ad60472dbac1a0d81b4f970b6c8,0.7,1.0,1.1089999999967404,0.6458718723403682,2a43e14b92c5118b52670209cb69684c76e73238d623e6697efe3f266ff91dc5,0.8481921321431577,0.671248483788876,0.8038862940805237,0.9137358901220675,0.3708948231070864,0.3539625724946599,0.3986152268728147,0.6673751228433441,0.6395988457131743,0.7103286684492671
B,single,44,1,raw,aad198d27ac8aa87e081df1ec23af92710056ad60472dbac1a0d81b4f970b6c8,0.7,0.0,0.5939999999973224,0.6476402108254428,ee456ba9687dcc83eaabf723f5fabe9210a3bb7c042de9fa3c40dffd0558bcc9,0.7451276904874415,0.5799831062337234,0.7330773106344318,0.7824785114727385,0.2915376949717083,0.2823237745028927,0.3147982239558052,0.4949332141844201,0.48253806423231416,0.5256053265709175
B,single,44,1,B10,aad198d27ac8aa87e081df1ec23af92710056ad60472dbac1a0d81b4f970b6c8,0.7,1.0,1.1569999999919673,0.6476402108254428,201affabd56b20239c7c0174b83b33f96b39f05996da9e063e2e147628f40a96,0.8197708427058885,0.6331499376775372,0.7790113634855054,0.8763034039134469,0.3780952726064699,0.356705066192457,0.4094371611723741,0.6447704681900944,0.6147103187135998,0.688187536771048
B,single,45,1,raw,aad198d27ac8aa87e081df1ec23af92710056ad60472dbac1a0d81b4f970b6c8,0.7,0.0,0.5779999999940628,0.6755990230768545,99d4b71c52d6377da61143eb9071097c8b85ea2ffc5118d43b24e83aa7292744,0.7499654030711416,0.5984921786141567,0.75867121125578,0.7663780341665066,0.2855057796555248,0.2871769996100221,0.29725239580667406,0.49579221511606514,0.5011492839692989,0.5085446459813642
B,single,45,1,B10,aad198d27ac8aa87e081df1ec23af92710056ad60472dbac1a0d81b4f970b6c8,0.7,1.0,1.0469999999913853,0.6755990230768545,4a458e091b475e4163332fd75978820b6b4e8d641f29a40839b0879d18a676f5,0.8405209241582053,0.636400905463846,0.7980770095310584,0.8966577074034907,0.3701719529866277,0.34676212279588575,0.40242915465443013,0.675482778992069,0.6430559552369209,0.7199338592119382
B,ensemble,-1,1,raw,aad198d27ac8aa87e081df1ec23af92710056ad60472dbac1a0d81b4f970b6c8,0.6625,0.0,0.5779999999940628,0.6949369423427721,39d9ced426e84907fa42e13ea2a9077aacd4ddaf3d9a1893f657770f8d32ab2d,0.7874716047980664,0.6319040596858193,0.7984854048722204,0.8024352053829251,0.33297259272050744,0.33755735420748084,0.3427799871699113,0.5496471494689057,0.5596578826036978,0.5584088006455195
B,ensemble,-1,1,B10,aad198d27ac8aa87e081df1ec23af92710056ad60472dbac1a0d81b4f970b6c8,0.6625,1.0,1.1410000000032596,0.6949369423427721,2f579ce07cc0d092917fb2ce2a8ec169d4ab145311bc162d2381d740e58b6b2f,0.8500593507682358,0.6749895152940864,0.812013670883033,0.9036473662316435,0.4190918023811559,0.39741423920768704,0.45116342825898154,0.692790516745177,0.665280902475205,0.7329429361603709
