arm,seed,fold,policy,contract,threshold,strength,seconds,raw_ap,positions_hash,macro_f1_tol1,macro_f1_tol0,macro_precision_tol1,macro_recall_tol1,interval_f1_tol0,interval_precision_tol0,interval_recall_tol0,interval_f1_tol1,interval_precision_tol1,interval_recall_tol1
U,42,0,raw,906ed21e7830daaba2dd96cfd4e07998dd2ee5e4dc328ca42c15d51aa8dd5ead,0.9,0.0,0.5939999999973224,0.6711964256736577,21f66683c831873d095f0d86ddcd2b069da7892b775aac8e76e4d9a7d5eb3737,0.7355000729969571,0.6091166949201146,0.8084608565112889,0.7233681397967112,0.22623871668800047,0.25748950665477277,0.21631061437784127,0.39086390102747054,0.41560532734202205,0.3919490983428559
U,42,0,B10,906ed21e7830daaba2dd96cfd4e07998dd2ee5e4dc328ca42c15d51aa8dd5ead,0.9,1.0,1.2189999999973224,0.6711964256736577,e09364f0dbe62b8b8d8ec7002c38cfbeafb8c92184b4a1b9c5d0ea7f74b1d83d,0.75439539143231,0.6306360182590175,0.8003418810664739,0.7548540789016978,0.2506036546920771,0.26858547461608684,0.249153461806523,0.4293219703899847,0.44209677510697926,0.4366221020098571
D,42,0,raw,906ed21e7830daaba2dd96cfd4e07998dd2ee5e4dc328ca42c15d51aa8dd5ead,0.85,0.0,0.625,0.6858901116993492,e5310037fab49c504d1e200d8ecfabe31e3b7cc768d36ceb4ad7b7b6318b013b,0.7460547693782323,0.6202156918040551,0.822298112728079,0.7308323686895116,0.21809472758057197,0.24921043969353596,0.20340193584371255,0.3999509713619859,0.43832527878910066,0.3823409107010547
D,42,0,B10,906ed21e7830daaba2dd96cfd4e07998dd2ee5e4dc328ca42c15d51aa8dd5ead,0.85,1.0,1.139999999999418,0.6858901116993492,b5ad92185a4d9079f839127c882c339d1a9f9285bb9d0bd4fc313e166a4815aa,0.80350342876978,0.6776218534064308,0.8406347534433618,0.8008096841430176,0.337014872433785,0.353726646793716,0.3344140813168424,0.5295306399013505,0.5577067904427939,0.5189203988843845
B,42,0,raw,906ed21e7830daaba2dd96cfd4e07998dd2ee5e4dc328ca42c15d51aa8dd5ead,0.7,0.0,0.6560000000026776,0.6689780533060078,34b6778afc41c0be4a0faafe4d6bf50906a303e2cb9560080c93c2bcd018032c,0.736348966131598,0.6064667491995586,0.7643565457242747,0.7465753910992007,0.23068325661268355,0.24205468713641679,0.23265494107510915,0.39814189019376606,0.40686269092401245,0.4057915187831154
B,42,0,B10,906ed21e7830daaba2dd96cfd4e07998dd2ee5e4dc328ca42c15d51aa8dd5ead,0.7,1.0,1.2340000000112923,0.6689780533060078,59b43ed0d4ef1794a1a573dc9104f3cdba406dab15a8854b96e0b622ceab50f1,0.8006626246761492,0.6645918992784156,0.8180779666633099,0.8128249175868224,0.33653690232618017,0.3490586359402067,0.33782077031056623,0.5200006401585721,0.5323676683494246,0.5240025884923843
U,42,1,raw,906ed21e7830daaba2dd96cfd4e07998dd2ee5e4dc328ca42c15d51aa8dd5ead,0.7,0.0,0.5779999999940628,0.6821535684148691,2c8ce53090deedc878cdf2866e5f3530a8fe95aa809f774819dc1f2e953be436,0.7455817964396587,0.6303579701502395,0.7576163311282557,0.7698041963833319,0.32400301989673425,0.3307092837463749,0.33761396077254197,0.4868380524731179,0.49457984008061384,0.5025737486975874
U,42,1,B10,906ed21e7830daaba2dd96cfd4e07998dd2ee5e4dc328ca42c15d51aa8dd5ead,0.7,1.0,1.25,0.6821535684148691,14b2b93a71d25c8237cdd72e93395abac1a0a5a56a5636faa4ceb4715b2e5e7e,0.8023361168996416,0.6751310470311823,0.7677189667431993,0.8591165127767588,0.40934694812768296,0.39575887116508757,0.4367173043599231,0.6074627793258475,0.5894061558799077,0.6414748154780343
D,42,1,raw,906ed21e7830daaba2dd96cfd4e07998dd2ee5e4dc328ca42c15d51aa8dd5ead,0.8,0.0,0.6410000000032596,0.7159846424854287,e30ecea06923fc336b704fb6c3b61be4c6cfab47d85fc311d002fcba5fcae697,0.778861469916639,0.6550723171117505,0.7988609744561168,0.7956242931405243,0.3564048723475949,0.3645453816804111,0.36796637703137575,0.5236135412741635,0.54120581711659,0.5309961310195505
D,42,1,B10,906ed21e7830daaba2dd96cfd4e07998dd2ee5e4dc328ca42c15d51aa8dd5ead,0.8,1.0,1.0930000000080327,0.7159846424854287,ad89b7c74336e03a2ce448400c77727b3187488377ebf004b23793ab0f319f65,0.8416698405217826,0.7050286959270382,0.8098914952399031,0.8936357378858684,0.46684445640112127,0.4521593681653003,0.494434808485457,0.671632981862447,0.6544448924004357,0.7034959465653753
B,42,1,raw,906ed21e7830daaba2dd96cfd4e07998dd2ee5e4dc328ca42c15d51aa8dd5ead,0.55,0.0,0.5940000000118744,0.6934665739360024,ce83f5a51325765e2f7185cbbc54d8ef49ec2919335c4d78fd7bcf980a50309d,0.7614110867276641,0.6302155056379183,0.7366356081106327,0.8198940506657698,0.3186540897521074,0.3112651180638252,0.34398863836105376,0.4702441604953903,0.4608401083211108,0.5001857168539467
B,42,1,B10,906ed21e7830daaba2dd96cfd4e07998dd2ee5e4dc328ca42c15d51aa8dd5ead,0.55,1.0,1.0939999999973224,0.6934665739360024,d463a936531e7191ce70ca5739794386b2909ec0e9983f68f45aee7bab033115,0.8183790073679613,0.6772546380739486,0.7657153407586527,0.8998354327790663,0.41025008741540797,0.38646153017786844,0.44972618666785236,0.5890881697225928,0.5592683611657077,0.6369064709718959
U,43,0,raw,906ed21e7830daaba2dd96cfd4e07998dd2ee5e4dc328ca42c15d51aa8dd5ead,0.85,0.0,0.6089999999967404,0.6588588422927503,036adece4a4529fe614ffb2ed4bad9ca725f0d281419f7ccf827ed075e974640,0.7312505476438496,0.56832818356092,0.8317776273075059,0.7119837922218875,0.16894143088454391,0.18036263792526297,0.17299461758285287,0.36188385354125235,0.3800108151448688,0.3643792329674683
U,43,0,B10,906ed21e7830daaba2dd96cfd4e07998dd2ee5e4dc328ca42c15d51aa8dd5ead,0.85,1.0,1.2660000000032596,0.6588588422927503,b5cac920cb4a5a4f3de311bff7a8032dbd6cd7fe4469774eeb41cca4c70cfa35,0.7721044037464174,0.6092482544276151,0.8135114166163253,0.7748332972142496,0.2586783062457023,0.2739792335326064,0.260061468387999,0.4600029477240053,0.48023771201557464,0.4609948615254737
D,43,0,raw,906ed21e7830daaba2dd96cfd4e07998dd2ee5e4dc328ca42c15d51aa8dd5ead,0.85,0.0,0.5779999999940628,0.6924377100736124,d9d0e76e1baf480e0770ad952149a58ef656408ee48be1809f542db8945e9780,0.720673948618768,0.5925562584559794,0.8312320925114108,0.6935299797204558,0.20425472780594048,0.22741668858091185,0.20188872849617145,0.3878942251189072,0.43456031404086387,0.3693977697194983
D,43,0,B10,906ed21e7830daaba2dd96cfd4e07998dd2ee5e4dc328ca42c15d51aa8dd5ead,0.85,1.0,1.2659999999887077,0.6924377100736124,07e9bbac4bb591b7d39627dace83e7b4335bd48bb235bc2000d3d572497c8efc,0.7966760524319001,0.6616362146174772,0.8393837722987716,0.7926562326562328,0.3647984419238717,0.38076918819430977,0.3649559223844938,0.5531853931884934,0.592795739465862,0.5372688656770289
B,43,0,raw,906ed21e7830daaba2dd96cfd4e07998dd2ee5e4dc328ca42c15d51aa8dd5ead,0.8,0.0,0.7179999999934807,0.6617249633351073,ffaeed4c31913c36811619b666557d789fc76f4eab6606a8b952eb765d57b2ee,0.7348411921609918,0.5697088656565408,0.7943269242866354,0.7284940192083048,0.19322917761466316,0.20097422985514582,0.20074346435210777,0.3771879000147779,0.39395649496171525,0.3791373561745711
B,43,0,B10,906ed21e7830daaba2dd96cfd4e07998dd2ee5e4dc328ca42c15d51aa8dd5ead,0.8,1.0,1.2339999999967404,0.6617249633351073,19ae40b9b7b58ee8446dd615e220be3fad15d703d7a7bf4723bc0d884e193323,0.8015602147561226,0.6295797014993207,0.8283481309646018,0.805801949373378,0.3286591758677491,0.33719996999114704,0.33494018453202123,0.5364744098026762,0.5620107734939729,0.5292082565960117
U,43,1,raw,906ed21e7830daaba2dd96cfd4e07998dd2ee5e4dc328ca42c15d51aa8dd5ead,0.6,0.0,0.6089999999967404,0.6015903878751617,5405cacc935f3d987dcfaea3f7e92e9cffe52ff69d9aa5acba0010aa10bc78b2,0.7412285006939182,0.5738646367037902,0.6924621168836487,0.8252379246806161,0.23835396570208364,0.22302256086930225,0.26637164653471973,0.45844337570734145,0.43606813567015473,0.4987256943736075
U,43,1,B10,906ed21e7830daaba2dd96cfd4e07998dd2ee5e4dc328ca42c15d51aa8dd5ead,0.6,1.0,1.1409999999887077,0.6015903878751617,840d11d5f44c286c5088bea6f966bc75ea72a12ea5f59b4e28f5e5262a467e35,0.8124234552704027,0.6284088772113299,0.7577495394545545,0.8999524061920489,0.3298132232835455,0.3111055886845645,0.36311775531116225,0.5976957461076164,0.570479701393287,0.6444633629642621
D,43,1,raw,906ed21e7830daaba2dd96cfd4e07998dd2ee5e4dc328ca42c15d51aa8dd5ead,0.55,0.0,0.625,0.6197233386957516,0038b05bb81010804abae593f8a69d5eddb202a8714efb45465cb7c4b406f2cd,0.7529739424691744,0.6058510930313216,0.6978290559573335,0.8427677099182854,0.27064450188376876,0.25296956566903583,0.3014536546764283,0.47248843452003225,0.44674939267079966,0.5156023839287764
D,43,1,B10,906ed21e7830daaba2dd96cfd4e07998dd2ee5e4dc328ca42c15d51aa8dd5ead,0.55,1.0,1.1089999999967404,0.6197233386957516,2ab3f3648680001e6e3f7e60dd388d475607c70c8156ea6081580e1c56013c83,0.8169313214048064,0.6532964904727715,0.7601247415703423,0.9062575213309589,0.341694848195154,0.32188193465406034,0.37592491115782584,0.5926541997903295,0.5631022059898443,0.6399530569270659
B,43,1,raw,906ed21e7830daaba2dd96cfd4e07998dd2ee5e4dc328ca42c15d51aa8dd5ead,0.7,0.0,0.5789999999979045,0.6458718723403682,ffaa85c00fdbb16dc8ef63c18325742cfd6e0240badc95eac3b31660dc8cb3ad,0.7661408715253943,0.6137542598016251,0.7294724375056048,0.8347892368709149,0.268229610069777,0.26159392526223224,0.2893805286296943,0.5015233538389863,0.4870836637105758,0.5371196246479275
B,43,1,B10,906ed21e7830daaba2dd96cfd4e07998dd2ee5e4dc328ca42c15d51aa8dd5ead,0.7,1.0,1.125,0.6458718723403682,1f00140c900b51700344ac49bd98f913b4adeab716cf5a718610ace1230fb1fd,0.8481921321431577,0.671248483788876,0.8038862940805237,0.9137358901220675,0.3708948231070864,0.3539625724946599,0.3986152268728147,0.6673751228433441,0.6395988457131743,0.7103286684492671
