fold,piece_id,opus,split
0,chopin_op07_no1,07,train
0,chopin_op07_no2,07,train
0,chopin_op07_no3,07,train
0,chopin_op17_no1,17,train
0,chopin_op17_no2,17,train
0,chopin_op17_no3,17,train
0,chopin_op17_no4,17,train
0,chopin_op33_no1,33,train
0,chopin_op33_no2,33,train
0,chopin_op33_no4,33,train
0,chopin_op67_no1,67,train
0,chopin_op67_no2,67,train
0,chopin_op67_no3,67,train
0,chopin_op67_no4,67,train
0,chopin_op68_no1,68,train
0,chopin_op68_no2,68,train
0,chopin_op68_no3,68,train
0,chopin_op06_no1,06,validation
0,chopin_op06_no2,06,validation
0,chopin_op06_no3,06,validation
0,chopin_op06_no4,06,validation
0,chopin_op30_no2,30,validation
0,chopin_op30_no3,30,validation
0,chopin_op30_no4,30,validation
1,chopin_op06_no1,06,train
1,chopin_op06_no2,06,train
1,chopin_op06_no3,06,train
1,chopin_op06_no4,06,train
1,chopin_op17_no1,17,train
1,chopin_op17_no2,17,train
1,chopin_op17_no3,17,train
1,chopin_op17_no4,17,train
1,chopin_op30_no2,30,train
1,chopin_op30_no3,30,train
1,chopin_op30_no4,30,train
1,chopin_op33_no1,33,train
1,chopin_op33_no2,33,train
1,chopin_op33_no4,33,train
1,chopin_op68_no1,68,train
1,chopin_op68_no2,68,train
1,chopin_op68_no3,68,train
1,chopin_op07_no1,07,validation
1,chopin_op07_no2,07,validation
1,chopin_op07_no3,07,validation
1,chopin_op67_no1,67,validation
1,chopin_op67_no2,67,validation
1,chopin_op67_no3,67,validation
1,chopin_op67_no4,67,validation
