beat_index,measure_number,beat_in_measure,label_phrase_start,label_is_scored,mean_model_probability,decoded_phrase_start,log_tempo,tempo_d1,tempo_d2,dynamics,dynamics_d1,tempo_robust_z,dynamics_robust_z,time_mask,dynamics_mask,metric_phase_sin,metric_phase_cos,strong_beat,onset_gap_before,rest_duration_before,sustain_ratio,duration_change,top_voice_interval,absolute_leap,direction_change,onset_density_log,active_density_change,pitch_range,bass_motion,tonal_novelty,lbdm_strength,tempo_level_1,tempo_level_3,tempo_level_6,tempo_level_12,tempo_level_24,tempo_quality,lag_available,tempo_direction,direction_available,staff0_w3_forward_similarity,staff0_w3_backward_similarity,staff0_w3_novelty,staff0_w3_available,staff0_w6_forward_similarity,staff0_w6_backward_similarity,staff0_w6_novelty,staff0_w6_available,staff0_w12_forward_similarity,staff0_w12_backward_similarity,staff0_w12_novelty,staff0_w12_available,staff1_w3_forward_similarity,staff1_w3_backward_similarity,staff1_w3_novelty,staff1_w3_available,staff1_w6_forward_similarity,staff1_w6_backward_similarity,staff1_w6_novelty,staff1_w6_available,staff1_w12_forward_similarity,staff1_w12_backward_similarity,staff1_w12_novelty,staff1_w12_available
42,15.0,2.0,0,1,0.0006691938,0,4.347118,-0.28075695,-0.2603693,0.3135211,-0.043439925,-0.48531404,-0.67449075,1.0,1.0,-0.8660254,-0.5,0.0,0.0,0.0,0.0,0.0,0.16666667,0.16666667,1.0,1.609438,0.0,1.1666666,0.41666666,0.5917517,0.19047618,-0.40387774,-0.5361823,-0.58089966,-0.51031345,-0.44957173,1.0,1.0,0.0,1.0,1.0,1.0,0.6132059,1.0,1.0,1.0,0.4853108,1.0,0.6732495,1.0,0.36772913,1.0,1.0,1.0,0.6462063,1.0,1.0,1.0,0.49469116,1.0,0.63658416,1.0,0.4295717,1.0
43,16.0,0.0,0,1,0.0017447857,0,4.168793,-0.1783247,0.10243225,0.34703818,0.033517092,-0.84742796,0.0,1.0,1.0,0.0,1.0,1.0,0.0,0.0,0.16666667,0.2876821,0.25,0.25,0.0,1.7917595,0.33647224,1.0833334,0.0,0.6913933,0.175,-0.58220243,-0.5361823,-0.58089966,-0.51031345,-0.44957173,1.0,1.0,0.0,1.0,1.0,1.0,0.48383364,1.0,0.98240453,1.0,0.5672442,1.0,0.6498645,1.0,0.44063878,1.0,1.0,1.0,0.5426799,1.0,0.8333333,1.0,0.44944242,1.0,0.63461393,1.0,0.5337458,1.0
44,16.0,1.0,0,1,0.0014468418,0,4.47313,0.30433702,0.48266172,0.36131102,0.014272839,1.0078838,0.6744908,1.0,1.0,0.8660254,-0.5,0.0,0.0,0.0,0.5,0.2876821,-0.41666666,0.41666666,1.0,1.0986123,0.33647224,0.625,0.9166667,1.0,0.2708333,-0.2778654,-0.5361823,-0.58089966,-0.51031345,-0.44957173,1.0,1.0,0.0,1.0,1.0,1.0,0.56679386,1.0,0.86254966,1.0,0.49696395,1.0,0.7331978,1.0,0.49793676,1.0,1.0,1.0,0.5104945,1.0,0.8333333,1.0,0.42040098,1.0,0.68968225,1.0,0.60710096,1.0
45,16.0,2.0,0,1,0.013222469,0,4.269911,-0.20321941,-0.50755644,0.33619323,-0.025117785,-0.11551282,0.35202992,1.0,1.0,-0.8660254,-0.5,0.0,0.0,0.0,0.2,0.0,0.16666667,0.16666667,1.0,1.609438,0.18232156,1.0,0.0,1.0,0.19047618,-0.48108482,-0.5908887,-0.58089966,-0.51031345,-0.44957173,1.0,1.0,0.0,1.0,1.0,1.0,0.495829,1.0,0.7389161,1.0,0.6330623,1.0,0.8165312,1.0,0.56994987,1.0,1.0,1.0,0.622128,1.0,0.77316827,1.0,0.5404371,1.0,0.7730156,1.0,0.6804561,1.0
46,17.0,0.0,0,1,0.024776367,0,4.290807,0.020895958,0.22411537,0.27713743,-0.059055805,0.0,0.0,1.0,1.0,0.0,1.0,1.0,0.0,0.0,0.0,0.4054651,-0.16666667,0.16666667,1.0,2.1972246,0.4054651,0.7083333,0.5,0.7261387,0.083333336,-0.46018887,-0.5908887,-0.58089966,-0.51031345,-0.44957173,1.0,1.0,0.0,1.0,0.96480906,1.0,0.63164264,1.0,0.799729,1.0,0.799729,1.0,0.8998645,1.0,0.68728685,1.0,0.6666667,1.0,0.38010335,1.0,0.6065016,1.0,0.5029369,1.0,0.78227484,1.0,0.6306604,1.0
47,17.0,1.0,0,1,0.14545912,0,4.125857,-0.1649499,-0.18584585,0.2344292,-0.042708233,-0.67449075,-0.56474245,1.0,1.0,0.8660254,-0.5,0.0,0.0,0.0,0.5,0.4054651,-0.41666666,0.41666666,0.0,1.0986123,0.5877867,0.375,0.41666666,0.38762757,0.31547618,-0.62513876,-0.5908887,-0.58089966,-0.51031345,-0.44957173,1.0,1.0,0.0,1.0,0.84924084,1.0,0.7782864,1.0,0.92462045,1.0,0.8859942,1.0,0.9623102,1.0,0.795073,1.0,0.6666667,1.0,0.45740366,1.0,0.72830003,1.0,0.5771089,1.0,0.86415,1.0,0.66228855,1.0
48,17.0,2.0,1,1,0.9854442,1,4.282259,0.15640211,0.321352,0.20330761,-0.031121582,-0.7081882,-1.234313,1.0,1.0,-0.8660254,-0.5,0.0,0.0,0.0,0.0,0.15415068,0.0,0.0,0.0,0.6931472,0.91629076,0.0,0.0,0.29289323,0.25,-0.46873665,-0.42976552,-0.3372733,-0.21421707,-0.19379778,1.0,1.0,0.0,1.0,1.0,1.0,0.7338754,1.0,1.0,1.0,0.8669377,1.0,1.0,1.0,0.86390257,1.0,0.6666667,1.0,0.48550323,1.0,0.8333333,1.0,0.65608513,1.0,0.9166667,1.0,0.7741685,1.0
49,18.0,0.0,0,1,0.7868781,0,4.4619,0.17964125,0.023239136,0.22714242,0.02383481,0.0,-0.8055669,1.0,1.0,0.0,1.0,1.0,0.0,0.0,0.25,0.5596158,0.16666667,0.16666667,1.0,1.3862944,0.91629076,1.2916666,1.6666666,0.42264974,0.33333334,-0.2890954,-0.42976552,-0.3372733,-0.21421707,-0.19379778,1.0,1.0,0.0,1.0,1.0,0.9023689,0.97150975,1.0,1.0,0.95118445,0.9645448,1.0,0.9928774,0.97559226,0.8783715,1.0,1.0,0.6666667,0.8767333,1.0,1.0,0.8333333,0.78730214,1.0,1.0,0.9166667,0.8445474,1.0
50,18.0,1.0,0,1,0.016167328,0,4.7622766,0.30037642,0.12073517,0.25681067,0.029668242,0.7529924,-0.27188772,1.0,1.0,0.8660254,-0.5,0.0,0.0,0.0,0.0,0.11778303,-0.25,0.25,1.0,1.7917595,0.18232156,0.7083333,1.0,0.22540332,0.175,0.0112810135,-0.42976552,-0.3372733,-0.21421707,-0.19379778,1.0,1.0,0.0,1.0,1.0,0.84924084,0.69515693,1.0,1.0,0.86254966,0.84757847,1.0,1.0,0.93127483,0.85410535,1.0,1.0,0.6666667,0.85911673,1.0,1.0,0.8333333,0.7729444,1.0,1.0,0.9166667,0.84113157,1.0
51,18.0,2.0,0,1,0.0097079715,0,4.513578,-0.24869871,-0.5490751,0.27192542,0.015114754,-0.41691303,0.0,1.0,1.0,-0.8660254,-0.5,0.0,0.0,0.0,0.0,0.15415068,0.25,0.25,1.0,1.7917595,0.0,0.7916667,0.0,0.2,0.125,-0.2374177,-0.21677898,-0.3372733,-0.21421707,-0.19379778,1.0,1.0,0.0,1.0,1.0,1.0,0.46666667,1.0,1.0,0.7389161,0.6809118,1.0,1.0,0.8694581,0.77077204,1.0,1.0,0.6666667,0.8075499,1.0,1.0,0.77316827,0.8335021,1.0,1.0,0.88658416,0.8237259,1.0
52,19.0,0.0,0,1,0.008679864,0,4.60858,0.095002174,0.3437009,0.29275334,0.02082792,-0.33620626,0.0,1.0,1.0,0.0,1.0,1.0,0.0,0.0,0.0,0.15415068,-0.5833333,0.5833333,1.0,1.3862944,0.4054651,1.0,0.5833333,0.8,0.39166665,-0.14241552,-0.21677898,-0.3372733,-0.21421707,-0.19379778,1.0,1.0,0.0,1.0,1.0,1.0,0.5910006,1.0,1.0,0.799729,0.51424515,1.0,1.0,0.79688305,0.6874387,1.0,1.0,1.0,0.6033921,1.0,1.0,0.6065016,0.7371083,1.0,1.0,0.8032508,0.74039257,1.0
53,19.0,1.0,0,1,0.0023224251,0,4.7029986,0.094418526,-0.0005836487,0.3196151,0.026861757,-0.26013905,0.0,1.0,1.0,0.8660254,-0.5,0.0,0.0,0.0,0.0,0.2876821,0.6666667,0.6666667,1.0,1.3862944,0.0,0.625,1.0,0.22540332,0.35000002,-0.047996998,-0.21677898,-0.3372733,-0.21421707,-0.19379778,1.0,1.0,0.0,1.0,1.0,1.0,0.5675413,1.0,1.0,0.92462045,0.34757847,1.0,1.0,0.75658286,0.60410535,1.0,1.0,1.0,0.5690356,1.0,1.0,0.72830003,0.5848451,1.0,1.0,0.7199175,0.65705925,1.0
54,19.0,2.0,0,1,0.0016787631,0,5.005153,0.30215454,0.20773602,0.36184224,0.04222715,1.1655483,0.0,1.0,1.0,-0.8660254,-0.5,0.0,0.0,0.0,0.0,0.15415068,0.0,0.0,0.0,1.609438,0.22314355,0.625,0.0,0.05719096,0.25,0.25415754,0.13204123,0.033860166,-0.21421707,-0.19379778,1.0,1.0,0.0,1.0,1.0,1.0,0.6359108,1.0,1.0,1.0,0.3911525,1.0,1.0,0.6732495,0.5796976,1.0,1.0,1.0,0.43491262,1.0,1.0,0.8333333,0.51709044,1.0,1.0,0.63658416,0.6176464,1.0
